Title,Text,Label,Source
South Korea foreign minister to visit China September 17-18,"Sign uphere. Reporting by Ju-min Park; Editing by Ed Davies Our Standards:The Thomson Reuters Trust Principles., opens new tab China's factory output growth slowed to its weakest pace in a year in August, while retail sales fell to a nine-month low, keeping pressure on Beijing to roll out more stimulus to fend off a sharp slowdown in growth in the $19 trillion economy. Reuters, the news and media division of Thomson Reuters, is the world’s largest multimedia news provider, reaching billions of people worldwide every day. Reuters provides business, financial, national and international news to professionals via desktop terminals, the world's media organizations, industry events and directly to consumers. Access unmatched financial data, news and content in a highly-customised workflow experience on desktop, web and mobile. Browse an unrivalled portfolio of real-time and historical market data and insights from worldwide sources and experts. Screen for heightened risk individual and entities globally to help uncover hidden risks in business relationships and human networks. All quotes delayed a minimum of 15 minutes.See here for a complete list of exchanges and delays. © 2025 Reuters.All rights reserved",Real,Reuters
Big Pharma Stocks Plummet as White House Links COVID Jabs to Turbo Cancer,"Shares of Big Pharma companies churning out COVID-19 vaccines plummeted Friday, as a bombshell report ignited fears that White House officials are finally linking the deadly jabs to a surge in deaths from turbo cancer. The Washington Postreporthas blindsided investors, coming as a shock given President Donald Trump’s longstanding pride in Operation Warp Speed, the rushed program his first administration launched in 2020 to fast-track these experimental vaccines. Msn.comreports: The report, which cites four people described as familiar with the situation, said the government’s findings appear to be based on submissions to the Centers for Disease Control and Prevention’s Vaccine Adverse Event Reporting System. BYPASS THE CENSORSSign up to get unfiltered news delivered straight to your inbox. Sign up to get unfiltered news delivered straight to your inbox. You can unsubscribe any time. By subscribing you agree to ourTerms of Use Shares of Moderna Inc. which makes the Spikevax COVID vaccine, dropped 7% — putting them on track for their lowest close since March 13, 2020, the month in which the World Health Organization declared the coronavirus outbreak a pandemic. Pfizer Inc.’s stock slid 3.8% and BioNTech SE shares sank 7.3%, as those companies partner to make the Comirnaty COVID vaccine. Moderna responded to a MarketWatch request for comment by saying Spikevax is “rigorously” monitored by not only the U.S. Food and Drug Administration but also health regulators in more than 90 countries. “With more than 1 billion doses distributed globally, these systems — in the U.S., Australia, Canada and across European national health systems — have not identified any new or undisclosed safety concerns in children or in pregnant women,” Moderna’s statement said. Pfizer and BioNTech did not immediately respond to requests for comment. The White House and the U.S. Department of Health and Human Services also did not immediately respond to requests for comment. The report comes a week after the Wall Street Journal reported that Health and Human Services Secretary Robert F. Kennedy Jr. would release a report linking the use during pregnancy of acetaminophen, the active ingredient in Kenvue Inc.’s over-the-counter painkiller Tylenol, to autism in children. Meanwhile, RFK Jr.’s has faced criticism from both sides of the political aisle for his views, as the report also follows the grilling Kennedy faced last week by the Senate Finance Committee about his overhaul of the U.S. health system, including the firing in June of all the members of a panel that advises the CDC on vaccine policy. And RFK Jr.’s disdain for mRNA drugs, like the Moderna and Pfizer-BioNTech shots, is well documented. In early August, the Trump administration said it would stop funding mRNA drug development, as Kennedy doesn’t believe messenger RNA vaccines, are effective. by Niamh Harris in News0 Ukraine Adds Russian Toddlers to State-Backed ‘Kill List’ Rabbi Shmuley Using Charlie Kirk’s Killing To Raise Money… For Himself Copyright © 2025 Fact Checked Limited. All rights reserved |The People's Voice",Fake,PeoplesVoice
More nations air concern vs China's Scarborough nature reserve,"MANILA, Philippines — Canada, Australia, Japan, Denmark, and the European Union have voiced concern and opposition to China’s plan to establish a Scarborough Shoal “nature reserve,"" with the countries' foreign missions saying such a move undermines international law and threatens stability in the South China Sea. In separate statements over the weekend, diplomats said they were ""deeply concerned"" by Beijing's planned establishment of the reserve, which would run against the 2016 arbitral tribunal ruling and curb Filipino fishers' access to their traditional fishing grounds. The Canadian Embassy in the Philippines said on Sunday, September 14, that while protecting marine ecosystems in the South China Sea is important, it rejects ""attempts to use environmental protection as a way to take control over the disputed Scarborough Shoal."" “Canada recognizes the rights of states in the region, including the Philippines, to exercise sovereign rights and jurisdiction within their exclusive economic zones in accordance with international law,” the embassy said on X. Australian Ambassador Marc Innes-Brown expressed similar concerns, warning of the “potential implications” of China’s plan. He urged all parties to respect the United Nations Convention on the Law of the Sea (UNCLOS) and the 2016 ruling, which affirmed Filipino fishers’ rights to access Scarborough Shoal. Denmark’s ambassador to the Philippines, Franz-Michael Skjold Mellbin, referred to the proposed sanctuary as a “so-called national nature reserve“ and said he was ""deeply concerned” with China's plan. Melbin called on all parties to uphold the 2016 tribunal's ""unanimous decision that Filipino fishermen have the right to traditional fishing at Scarborough Reef."" Japan’s Ambassador Endo Kazuya said he was “seriously concerned” about Beijing’s announcement, warning that it “could undermine regional stability in the South China Sea.” He reiterated that the arbitral award is “final and legally binding,” and that the parties must comply with it. The European Union delegation in Manila likewise affirmed its support for Philippines' sovereign rights and maritime entitlements under international law. “Disputes should be resolved peacefully and any attempt to alter the status quo in disputed waters by unilateral action must be avoided,” it said. Losing a lifeline.Scarborough Shoal was previously a lifeline for hundreds of small-scale fishermen from Zambales, Pangasinan, and Bataan, many of whom rely on these waters amid depleted fishing grounds in Luzon. But since 2012 — after China seized control of Scarborough after a months-long standoff with the Philippine Navy — Filipinos' access to the resource-rich waters has been sharply restricted. Filipino fishermen have reported being chased away with water cannons, blocked from entering the lagoon, or forced to give up part of their catch to China Coast Guard personnel. The plan.China’s State Council last week approved the creation of the 3,523-hectare “Huangyan Island National Nature Reserve,” which Chinese state media said would focus on conserving coral reef ecosystems. But the order also directed Chinese agencies to step up enforcement against “illegal and irregular activities” in the area, a directive that could be used to further drive out Filipino fishers and tighten Beijing’s grip over the shoal. The plan has already drawn pushback from Washington. United States Secretary of State Marco Rubio said on September 12 that Beijing’s move was “yet another coercive attempt” to assert sweeping claims in the South China Sea “at the expense of its neighbors.” Philstar.com is one of the most vibrant, opinionated, discerning communities of readers on cyberspace. With your meaningful insights, help shape the stories that can shape the country. Sign up now! Signup for the News Round now",Real,Philstar
Ukraine Adds Russian Toddlers to State-Backed ‘Kill List’,"A group of Russian children, the youngest a mere three years old, has been viciously targeted by Ukraine’s controversial Mirotvorets website, a state-backed ‘kill list’ that exposes personal details of those branded as ‘enemies’ of the regime, in a chilling escalation of hatred against innocents. According to an entry added on September 13, one child born in April 2022 is accused of “conscious violation of the state border” and “encroachment on sovereignty,” while on the same day five other minors aged 5, 9, 10, 12, and 16 were blacklisted for similar fabricated offenses. Earlier this week, a five-year-old and several 11-year-olds were added to the site, exposing the dark underbelly of Ukraine’s propaganda machine that spares no one, not even toddlers. Rt.comreports: Russia’s special envoy on humanitarian issues, Rodion Miroshnik, condemned the targeting of children, accusing Kiev of“sowing discord and hatred”to incite hostility toward other Slavic nations. BYPASS THE CENSORSSign up to get unfiltered news delivered straight to your inbox. Sign up to get unfiltered news delivered straight to your inbox. You can unsubscribe any time. By subscribing you agree to ourTerms of Use “The Ukrainian Reich is declaring toddlers enemies of their state,”he told TASS.“The radicals and Nazis who rule the ball in Ukraine today harass not only politicians or military personnel, but also their children, their close and distant relatives, seeking to sow the seeds of hatred as deeply as possible into the shattered consciousness of Ukrainians.” Launched in 2014, Mirotvorets publishes the personal data of individuals it claims threaten Ukraine’s national security. Although nominally independent, the site is closely linked to Ukrainian state security services and has been branded a ‘kill list’, as several people listed on it – including journalists and politicians – have later been killed or died under suspicious circumstances. Russian Foreign Ministry spokeswoman Maria Zakharova has described the website as a hit list targeting individuals Kiev allegedly wants to“eliminate.” In addition to Russian children, Mirotvorets has previously targeted numerous international figures. Earlier this year, Hollywood director Woody Allen, actor Mark Eydelshteyn, and Russian hockey star Alexander Ovechkin were added. Israel’s 2024 Eurovision contestant, Eden Golan, was blacklisted for taking part in a children’s competition in Crimea when she was 12. The list has also included prominent Americans such as US Director of National Intelligence Tulsi Gabbard and journalist Tucker Carlson. Other high-profile figures have included Croatian President Zoran Milanovic, Hungarian Prime Minister Viktor Orban, the late US diplomat Henry Kissinger, and musician Roger Waters. by Niamh Harris in News0 Biden Admin Spent $10mn In Taxpayer Funds On ‘Transgender Lab Rats’ Big Pharma Stocks Plummet as White House Links COVID Jabs to Turbo Cancer Copyright © 2025 Fact Checked Limited. All rights reserved |The People's Voice",Fake,PeoplesVoice
Maine Mendoza on Arjo Atayde backlash: ‘You are condemning the wrong people’,"SUMMARY This is AI generated summarization, which may have errors. For context, always refer to the full article. COUPLE. Actor-turned-lawmaker Arjo Atayde poses for a photo with his wife, actress Maine Mendoza, during his inauguration as Quezon City 1st District representative. Maine Mendoza's Instagram MANILA, Philippines – Maine Mendoza has come to the defense of her husband, Quezon City 1st District Representative Juan Carlos “Arjo” Atayde, yet again. Atayde continues to receive public backlash after contractor couple Sarah Discaya and Pacifico “Curlee” Discaya expressed their desire to act as state witnesses in the flood control scandal. The Discaya couple named the actor-turned-politician as one of the17 public officialswho allegedly demanded kickbacks from them. In a Facebook post on Wednesday, September 10, Mendoza maintained her husband’s innocence, attesting that they are honest taxpayers who do not rely on the taxes of the Filipino people to fund their lifestyle. “Both of us (and our families) are financially capable of sustaining the lives that we live, and it’s personally offensive to be accused of spending money that we have rightfully earned outside politics. It’s unfair to reduce everything that we are and everything that we have worked for to that single narrative,” Mendoza wrote. TheEat Bulaga!mainstay said that if Atayde were to ever do anything dishonest, she “certainly wouldn’t defend him and cover for him.” Atayde himself denied the Discayas’ claims in an Instagram story on September 8, saying that he has “never dealt” with the contractor couple. Rappler, however, obtained and published photos of theTopakkactor posing with Curlee and Sarah. An old photo from Atayde’s own Facebook page had also resurfaced — showing him looking at a tarpaulin for a P50-million flood project helmed byWawao Builders. Atayde has since taken the photo down. Wawao Builders had become one of the top Department of Public Works and Highways (DPWH) contractors starting 2022. Public Works Secretary Manuel Bonoanearlier statedthat they had initial information that some of the firm’s flood control projects in Bulacan were ghost projects. Seemingly alluding to these photos, Mendoza said that they were taken out of context, and asked that the public not forget that “perception is not always reality.” “It is truly distressing to see people suffer in times of crisis because of corrupt politicians who put self-interest above all else, alongside their accomplices.Nakakagalit talaga(It really is infuriating).And we also believe those who are truly guilty should face accountability. Again, the truth will reveal itself in the end. We can only hope and pray that the justice system delivers justice to those who deserve it and to whom it’s due. I know we may be easy targets, but you are condemning the wrong people,” the 30-year-old showbiz personality continued. Mendoza further added that her husband plans to take legal action to clear his name. “Arjo has nothing to hide. He has never been guilty of stealing. I’ll end with this, not all politicians are corrupt — some are just convenient targets. The real villains are celebrating quietly in the shadows,” Mendoza said. This lengthy statement comes after the actress made a brief post on X referring to the Discayas’ claims as “baseless allegations,” asking the public to refrain from spewing hate comments at Atayde “until facts come out.” Atayde wasreelectedas Quezon City 1st District representative in the 2025 midterm elections. Hetied the knotwith Mendoza in 2023.– Rappler.com How does this make you feel? follow us",Real,Rappler
Max Blumenthal: Charlie Kirk Was ‘Frightened’ By Pro-Israel Forces Before His Death,"Charlie Kirk was frightened by pro Israeli forces before his death according to Max Blumenthal. Blumenthalclaims that Kirk was not only afraid of Netanyahu but was coming under a great deal pressure from Jewish billionaire donors who funded TPUSA to fall in line with the pro Israel agenda: Max Blumenthal:Charlie Kirk was afraid of Netanyahu and was coming under pressure from Jewish billionaire donors who funded TPUSA to fall in line with the pro Israel agenda.Max mentions Nick & Groypers.pic.twitter.com/EJ5s6TNeMQ After TPUSA, ""Kirk was bombarded with infuriated text messages and calls from Netanyahu’s wealthy allies in the US, including many who had funded TPUSA. According to his longtime friend, the Zionist donors treated Kirk with outright contempt, essentially ordering him to fall back…https://t.co/E5POXlFWKz In the weeks leading up to his September 10 assassination, Kirk hadreportedlycome to loathe the Israeli leader, regarding him as a “bully”. Kirk was disgusted by what he witnessed inside the Trump administration, where Netanyahu sought to personally dictate the president’s personnel decisions, and weaponized Israeli assets to keep the White House firmly under its thumb. BYPASS THE CENSORSSign up to get unfiltered news delivered straight to your inbox. Sign up to get unfiltered news delivered straight to your inbox. You can unsubscribe any time. By subscribing you agree to ourTerms of Use Yet, within minutes of Kirks death being announced Israeli PM Benjamin Netanyagu along with other Israeli officials rushed to eulogise him and emphasize his support for Israel. That was soon followed by a growing number of online social media accounts, as well as some well-known personalities starting to claim that Israel or the Mossad was behind his killing. Israeli Prime Minister Netanyahu was very quick to respond and very vocal in his denial of Israel having any part in the killing. During an interview withNewsmaxon Friday he said:  “I want you to address one thing, and it’s just the absurdity of it, some of the internet rumors that somehow Israel is behind the Charlie Kirk murder.” “That’s insane, that’s insane,” he added mocking the claims saying that “Israel also changes the orbit of the moon, Israel pushes the sun….I mean, the whole thing is not only insane, I think it’s so absurd, so stupid” All Israel Newsreports:He also pointed out the willingness of many who hate Israel to “promote absurd rumors.” “When you hate Jews, when you hate the Jewish State, you’re willing to say anything and promote all these absurd rumors,” he stated, noting that antisemitic rumors have often preceded the killings of Jews throughout history. “In the Middle Ages, the horrific Middle Ages, the worst things were said about Jews,” Netanyahu expressed, “we were poisoning wells, we were drinking the blood of Christian children, you name it.” The prime minister went on to note that “these things that continued actually up to the Holocaust. The Nazis said the same things.” He warned about he effects of such rumors, saying, “People believed it. And every time they believed it, this was the prelude to a greater and greater massacre, culminating with the worst massacre of them all, the Holocaust Here is Kirks final interview where he criticizes Israel to Ben Shapiro’s face Charlie Kirk's now final interview: he criticised Israel to Ben Shapiro's facepic.twitter.com/M94OTcDf7f by Niamh Harris in News0 Rabbi Shmuley Using Charlie Kirk’s Killing To Raise Money… For Himself Copyright © 2025 Fact Checked Limited. All rights reserved |The People's Voice",Fake,PeoplesVoice
LIVE: Press conference on September 21 protests vs flood control mess,"MANILA, Philippines – Protest organizers are holding a press conference on Monday, September 15, about theSeptember 21 anti-corruption ralliesat Luneta and the People Power Monument. The press conference is organized by the Church Leaders Council for National Transformation, composed of Catholic and Protestant representatives, along with civil society groups, people’s organizations, and sectoral leaders. Watch the livestream at 10 am on Monday, September 15.– Rappler.com How does this make you feel? follow us",Fake,Rappler_FactCheck
In the Public Square: What will be BBM’s real legacy?,"President Ferdinand Marcos Jr. is midway through his term. Will he use his fourth State of the Nation Address to start cementing a legacy? But wait — there’s a legacy? What is this legacy? More to the point, are the remaining three years enough time to do more; much more? In this episode of In the Public Square, Rappler columnist John Nery is joined by preeminent economist and former National Economic and Development Authority chief Cielito Habito, and preeminent cultural critic Marian Pastor Roces. Catch the episode on Wednesday, July 23, at 8 pm.– Rappler.com How does this make you feel? follow us",Real,Rappler
Ex-justice Andres Reyes Jr. to head Marcos’ anti-graft commission,"MANILA, Philippines — Retired associate justice Andres Reyes Jr. will officially head President Ferdinand Marcos Jr.’s independent commission to probe anomalous flood control projects and other infrastructure. Marcos made the announcement at a press briefing in Malacañan Palace on Monday, September 15. An appointee by former president Rodrigo Duterte, Reyes will serve as the official chair of the Independent Commission for Infrastructure, serving along former public works secretary Rogelio Singson and SGV country managing partner Rossana Fajardo. READ:Who's who: Members of Marcos’ independent flood probe body Rounding up Marcos’ anti-graft commission is Baguio City Mayor Benjie Magalong, who will serve as a special advisor to the commission. Marcos first called attention to the massive corruption in flood control during his fourth State of the Nation Address. A probe would later reveal ghost projects from some of the country’s top government contractors, such as the Discaya-owned St. Timothy Construction Corp., and Wawao Builders. Parallel investigations.The revelations triggered parallel probes from both chambers of Congress, which would yield the names of the politicians who allegedly colluded with these contractors. The probe in the House of Representatives tagged lawmakers from the Senate, namely senators Joel Villanueva and Jinggoy Estrada. Villanueva was alleged to have gotten millions in kickback schemes from budget insertions made in the 2023 national budget, while Estrada was alleged to have done the same with the 2025 budget. The Senate probe, meanwhile, tagged several House lawmakers, including Quezon City representative Arjo Atayde. As lawmakers continue to point fingers, outrage over the corruption of public funds has continued to grow, with mass mobilizations emerging across the country. Philstar.com is one of the most vibrant, opinionated, discerning communities of readers on cyberspace. With your meaningful insights, help shape the stories that can shape the country. Sign up now! Signup for the News Round now",Real,Philstar
Watchdogs flag ‘None of the Above’ option for BARMM polls | The wRap,"Here are today’s headlines – the latest news in the Philippines and around the world: Election monitors are warning that the Bangsamoro region’s first parliamentary elections this October could face serious issues if many voters choose ‘None of the Above.’ Mamamayang Liberal Representative Leila de Lima filed a complaint with the Department of Justice against prosecutors who appealed her recent drug case acquittal. The Senate’s Office of the Sergeant-at-Arms has investigated the alleged marijuana use of a staff member of Senator Robin Padilla within the premises. Pop star Taylor Swift says her upcoming album, ‘The Life of a Showgirl,’ was inspired by the joy of performing on her record-breaking Eras Tour. Liza Soberano confirms that she and Enrique Gil already ended their relationship three years ago. In a podcast-documentary, she described Gil as her first love, but said she had long wanted to reveal their breakup.– Rappler.com How does this make you feel? follow us",Real,Rappler
Leaked Gov’t Files Expose Mossad Plot To Assassinate Charlie Kirk In 2025,"Charlie Kirk’s death was no random tragedy — it was the opening act of a manufactured civil war, orchestrated down to the last frame. Inside stamped folders leaked from the CIA and NASA are memos, timelines and kill-chains — a plan so clinical it reads like a script: assassinate the loudest voices in America on live TV, amplify the shock, turn grief into a weapon. As the nation lights candles and points fingers, the paper trail shows this didn’t happen overnight. It was plotted for years. 2025 wasn’t random — it was the target date chosen by the globalists to sharpen division in America into something irreversible. BYPASS THE CENSORSSign up to get unfiltered news delivered straight to your inbox. Sign up to get unfiltered news delivered straight to your inbox. You can unsubscribe any time. By subscribing you agree to ourTerms of Use Tonight: we tear open those files. We follow the architects, the dates, the back-channel meetings. We don’t preach. We have the receipts. We show you what’s written in black and white. If you think this is paranoia, you’re exactly who they counted on. If you think you already know the truth — think again. The suspect in the killing of Charlie Kirk has been named as Tyler Robinson, now locked up without bail in a Utah jail. But the story we’re being fed is already cracking. The official narrative says he carried out the hit with a Mauser rifle — but video shows him bolting from the rooftop empty-handed, just seconds after the shots. And weapons experts are clear: you can’t break down and reassemble a Mauser on the move in a matter of seconds. So if Robinson didn’t pull the trigger the way the FBI claims, the question isn’t just what happened — it’s why are they lying to us about it? The FBI’s official narrative stretches credibility even further, by claiming the rifle was recovered in the woods with its barrel fully reinstalled. That would mean the suspect somehow disassembled and then reassembled a Mauser — a process that is anything but quick or simple — all while fleeing the scene. Conservative commentator Michael Savage is calling foul on the FBI’s account of the shooting, saying“we are not hearing or seeing reality,”and declaring the official narrative reeks of a staged event. People are noticing the same silhouette, the same gestures: the man who played a leading role in the Trump assassination attempt in Butler, Pennsylvania, was also standing behind Charlie Kirk, signaling before the shot rang out Just twenty minutes after Charlie Kirk was gunned down at Utah Valley University, a private jet quietly lifted off from Provo Airport, a private airfield less than twelve minutes away from the scene of the crime. The aircraft, bearing the tail numberN888KG, isdeliberately hidden from public trackingat the request of its owner—a red flag in itself. But what happened after takeoff is even more unsettling. Roughly thirty minutes into its flight, the jet suddenly dropped off ADS-B tracking, as if it had vanished into thin air. For nearly an hour there was no trace of it. Then, just as abruptly, it reappeared—heading back toward Provo, as though nothing had happened. Why is there so much confusion and weirdness surrounding the incident? And how could the suspect escape capture for more than two days? Because confusion isn’t an accident — it’s part of the playbook. The stranger and messier the details look, the easier it is to bury the truth under noise. Conflicting timelines, shaky video, contradictory statements — all of it keeps people arguing about side issues instead of asking the real question:who’s running the show? Here’s a clue: before his death,Charlie Kirk turned down a funding offer from Netanyahu, and confided that he felt pressured — and threatened — by powerful Israeli forces. A close friend now tellsThe Grayzonethat this was the turning point: Kirk’s shift on Israel sparked a backlash that left him shaken, angry… and afraid for his life. Charlie was right to be terrified. His “spiritual transformation” involved him realizing some “politically inconvenient” things that even a massive bribe from Benjamin Netanyahu couldn’t convince him to forget about. At that instant, Kirk stopped being just a commentator and became the opening casualty in a blueprint written before 9/11 — a string of false flags designed to terrorize a nation and turn disagreement into all-out war. Suddenly it makes sense why the government are treating his death like they would a military or elected official… and why he’s being buried in state at the Capitol. Trump knows this was a state assassination and Kirk is a fallen soldier. Sounds extreme? Sounds impossible? Listen to what the Deep State government files actually say. Leaked official NASA and CIA documents reveal decades of high-level globalist preparations for a series of assassinations and false flags designed to spark a manufactured civil war starting in … wait for it… 2025. Here’s where it gets really disturbing. According to the document published just before 9/11, the plan to launch the chaos in 2025 involves assassinating Americans on live TV… for maximum public trauma. Sound familiar? The brutal fact is that Israel leads global assassinations over the last 5 years, accounting for 80% of the approximately 1,000 total cases worldwide. That’s a verified fact. Go on, ask Grok. And if you don’t believe they would dare carry out assassinations on US soil… ask yourself why they have been involved behind the scenes in every mass casualty even on US soil in the last fifty years – including 9/11. Just ask Tucker Carlson — the very figure Charlie Kirk was beginning to mirror in his fearless pursuit of truth. And that, insiders say, is exactly what powerful forces were desperate to prevent. Carlson understands how the system functions. But does he understand how deep the conspiracy goes? Jewish writer Jacob Cohen explains the “Sayanim”—tens of thousands of civilian Jews around the world who spy for Israel, spread propaganda and help the Mossad. Remember the private jet that took off from Provo airfield straight after the attack with its radar illegally turned off? Take a look at who owns it. “Just another ‘coincidence’ in the on-air assassination that raises more questions than answers, and one that slots neatly into a long-promised globalist plan to destabilize the United States? You be the judge. Watch: by Niamh Harris in News0 FDA Issues Bombshell Ruling: COVID Jabs Are ‘Extra Lethal’ to Children Louisiana Surgeon General Sounds Alarm: COVID Shot Deadlier Than Every Vaccine in History—Combined Copyright © 2025 Fact Checked Limited. All rights reserved |The People's Voice",Fake,NewsPunch
#CourageON: Trying times that call for conversations,"SUMMARY This is AI generated summarization, which may have errors. For context, always refer to the full article. Rappler The first time a Rappler+ member came up to me during an event and thanked me for our work, I was at a loss for a response. “You do very important work,” she said, “thank you for all that you do in exposing wrongdoing.” Something that I have come to realize more and more as I work in Rappler is this: the story we publish on the site is only the first (but still important) step. The next comes in the people we connect with and the conversations we have with them. Hi, I’m Issa, the Rappler+ program coordinator at Rappler. I lead all our efforts related to our membership program calledRappler+, a community of avid supporters of our newsroom. Rappler+ membership helps support our newsroom operations and community efforts especially during trying times. And these are trying times indeed. Algorithms online are now designed to stuff our feeds with noise rather than facts, disinformation leads to mistrust towards credible news organizations, and government officials see our newsroom as the enemy when our journalists simply ask them the tough questions. But we keep doing what we do, because a single person saying that our work is important is enough for us to know that it matters to even more people out there. When you want to report about the stories of the nation, you start at the community level. I have had the great privilege of introducing organizations like student publications and advocacy groups to Rappler through our Rappler+ newsroom visits. In these visits, we give them a preview of our operations and offer workshops on important topics like fact-checking and disinformation in social media. The hope is that through these programs, we offer them the tools to be empowered citizens who consume information responsibly and create their own impact in their communities. It is also extremely fulfilling to see how the Rappler+ community values our journalism by participating in our Rappler+ briefings. During these events, we invite members to participate in in-depth discussions about pressing issues that are led by our very own Rappler reporters and experts. It is where we make sense of the stories that we write about, but made more comprehensive and interactive. The Rappler+ briefings are among the members’ most favorite activities, which tells you a lot about the community we have: engaged and empowered citizens, who value opportunities to learn more about their world and talk about how we can make it better. It is a great privilege to be a witness to the type of audience we inspire and the community we can build. Our greatest mission has always been to continue telling the stories that matter to you, whether that be about your commute, your health, or your security. These days, it is an uphill battle to stay independent and support the day-to-day of truth-telling. So we need you to help us continue to build this future of truth. Support us by signing up for ourRappler+ membership. Let’s keep the conversation going for positive change in the country. Check out other stories in our #CourageON series: How does this make you feel? follow us",Fake,Rappler_FactCheck
"ICC prosecutor cites VP Sara's ‘kidnap,’ ‘jailbreak’ remarks in opposing father’s release","MANILA, Philippines — A prosecutor of the International Criminal Court (ICC) pointed to Vice President Sara Duterte’s controversial remarks, including claims that her father was “kidnapped” and suggestions of a “jailbreak,” as among the reasons to deny former president Rodrigo Duterte’s renewed bid for interim release. In aneight-page filingdated August 28 and released on September 12 via the ICC website, Deputy Prosecutor Mame Mandiaye Niang cited several remarks made by the vice president in her interviews and public statements while in The Hague, including her rejection of the court’s jurisdiction. ""Mr. Duterte’s family members have continued to reject the legitimacy of his legal proceedings before the Court,"" the filing read. ""For example, on 19 July 2025, Sara Duterte, the current Vice President of the Philippines, spoke in front of a crowd in The Hague and was interviewed afterwards. During this event, she repeated the claim that Mr. Duterte was 'kidnapped' by the ICC and stated that it was 'illegal' to bring him to the Court.""The prosecutor added: ""She also told supporters, supposedly in jest, that she had discussed breaking Mr. Duterte out of the ICC Detention Unit with a colleague. She reportedly made similar comments during a Facebook live stream while in the Kingdom of the Netherlands (the 'Netherlands') allegedly stating 'let’s all collaborate on a jailbreak.'”The vice president also accused the ICC of “colluding” with the Philippine government by paying “fake witnesses.”""She (Sara Duterte) also blamed the Government of the Netherlands for having joined the 'extraordinary rendition' of Mr. Duterte, and blamed the ICC for accepting Mr. Duterte 'with open arms' despite having been 'kidnapped from his own land,'” the document read.On August 19, she was quoted as saying that her father had “repeatedly” expressed his wish to “return to his hometown” of Davao City if released, the same city where he had vowed to “double” the killings the “moment [he] return[s]” if elected Mayor."" Duterte ran for mayor of Davao City in the May 12, 2025 local elections and won by a landslide.""These examples demonstrate a pattern of the Duterte family refusing to accept the legitimacy of the legal proceedings against Mr. Duterte and should militate against granting his interim release,"" Niang said. Beyond the vice president's statements, the ICC prosecutor warned that her father’s release would carry grave risks.""Recent events demonstrate that the continued detention of Mr. Duterte is necessary to ensure that he does not obstruct or endanger the investigation or court proceedings,"" the prosecutor said.Niang said that Duterte's release would give him ""greater access to his associates and family who are actively attempting to interfere with the proceedings against him.""""For the reasons cited above, and in its Response, the Prosecution submits that Mr Duterte presents a risk pursuant to article 58(1)(b) of the Statute and his Request should therefore be denied,"" the prosecutor said.Niang, who signed the document, asked before the Pre-Trial Chamber I to reject the request for interim release, stressing that Duterte’s continued detention is necessary to safeguard the trial.The confirmation of charges hearing against Duterte was initially scheduled for September 23. However, on September 8, the hearing was postponed indefinitely after the defense team requested an adjournment, arguing that the elder Duterte was unfit to stand trial. Charges were formally presented during Duterte’s first court appearance in March 2025, accusing him of criminal responsibility for the murder of at least 43 individuals. These killings include 19 by the Davao Death Squad during his time as Davao City mayor and 24 others carried out by law enforcement under his presidency. Despite the official police count of over 6,000 fatalities during Duterte’s nationwide campaign against illegal drugs from 2016 to 2019, human rights organizations estimate the true number of deaths may be as high as 30,000. Philstar.com is one of the most vibrant, opinionated, discerning communities of readers on cyberspace. With your meaningful insights, help shape the stories that can shape the country. Sign up now! Signup for the News Round now",Real,Philstar
UK police say 49-year-old German remains a suspect in disappearance of Madeleine McCann,"Sign uphere. Reporting by Sarah Young, Editing by Louise Heavens Our Standards:The Thomson Reuters Trust Principles., opens new tab Trump's actions are very much in line with his penchant for direct communication. Reuters, the news and media division of Thomson Reuters, is the world’s largest multimedia news provider, reaching billions of people worldwide every day. Reuters provides business, financial, national and international news to professionals via desktop terminals, the world's media organizations, industry events and directly to consumers. Access unmatched financial data, news and content in a highly-customised workflow experience on desktop, web and mobile. Browse an unrivalled portfolio of real-time and historical market data and insights from worldwide sources and experts. Screen for heightened risk individual and entities globally to help uncover hidden risks in business relationships and human networks. All quotes delayed a minimum of 15 minutes.See here for a complete list of exchanges and delays. © 2025 Reuters.All rights reserved",Real,Reuters
Rabbi Shmuley Using Charlie Kirk’s Killing To Raise Money… For Himself,"Republican RabbiShmuley Boteach has used the assassination of Charlie Kirk to solicit donations. Boteach sparked a backlash on Wednesday after he used the killing of Turning Point USA founder Charlie Kirk to raise money…. for himself. The American orthodox rabbi’s post on social media was met with outrage receiving more than 2,000 replies against just 200 likes. BYPASS THE CENSORSSign up to get unfiltered news delivered straight to your inbox. Sign up to get unfiltered news delivered straight to your inbox. You can unsubscribe any time. By subscribing you agree to ourTerms of Use Mediatereports: Following news of Kirk’s assassination during an event at Utah Valley University, Boteach took to social media to beg for donations to his own personal GoFundMe. “Today, as we witnessed yet another attempt to silence pro-Israel voices, we are reminded of the constant threats facing Rabbi Shmuley,”wrotethe former Republican politician and ally of Secretary of HealthRobert F. Kennedy Jr.“For years, he has stood boldly for Israel and the Jewish people—yet he has been physically assaulted in Vienna, Miami, Sydney, and even in Times Square.” He continued, “The dangers are real, and they only continue to grow. To ensure his safety and his ability to continue this vital work, we urgently need to raise funds for cameras, fencing, and professional security personnel. Without these protections, Rabbi Shmuley and his family remain exposed to unacceptable risks.” Boteach then urged his followers to “donate here,” linking to a GoFundMe page titled, “Help Us Protect Rabbi Shmuley and His Work.” Today, as we witnessed yet another attempt to silence pro-Israel voices, we are reminded of the constant threats facing Rabbi Shmuley. For years, he has stood boldly for Israel and the Jewish people—yet he has been physically assaulted in Vienna, Miami, Sydney, and even in Times…pic.twitter.com/YKimRrz5e6 by Niamh Harris in News0 Big Pharma Stocks Plummet as White House Links COVID Jabs to Turbo Cancer Max Blumenthal: Charlie Kirk Was ‘Frightened’ By Pro-Israel Forces Before His Death Copyright © 2025 Fact Checked Limited. All rights reserved |The People's Voice",Fake,PeoplesVoice
Bill Introduced to Strip US Passports From Americans Who Criticize Israel,"On September 11, 2025 — a date already etched into American memory — Rep. Brian Mast quietly introduced a bill that could strip passports from US citizens for criticising Israel. It’s called the Department of State Policy Provisions Act (H.R. 5300), and buried within its text is a power grab that should terrify anyone who believes in free speech. The bill gives the Secretary of State sweeping authority torevoke U.S. passportsif an individual is deemed to have provided “material support” to a foreign terrorist organization. On paper, that might sound reasonable. But here’s the catch: what counts as “support” is left deliberately vague. Critics warn that under such broad language, dissent itself could be criminalized. Protesting against Israel’s military actions? Sharing articles that expose human rights abuses in Gaza? Donating to an aid group the U.S. doesn’t approve of? All of that could be rebranded as “terrorist support” — and with the stroke of a pen, your passport could be revoked. No trial. No appeal. No due process. BYPASS THE CENSORSSign up to get unfiltered news delivered straight to your inbox. Sign up to get unfiltered news delivered straight to your inbox. You can unsubscribe any time. By subscribing you agree to ourTerms of Use This isn’t about terrorism. It’s about control. The ruling class is building the legal scaffolding to silence Americans who dare to oppose U.S. foreign policy or challenge the “special relationship” with Israel. If you think this ends with passports, think again. Once the precedent is set, what’s to stop them from freezing bank accounts, revoking driver’s licenses, or denying medical care to political dissidents? We are watching, in real time, the weaponization of “anti-terror” laws against the American people. First, they’ll tell you it’s about extremists overseas. Then, it will be about anyone who doesn’t fall in line. The message is clear: criticize Israel, and you risk losing your freedoms and becoming stateless. by Niamh Harris in News0 Louisiana Surgeon General Sounds Alarm: COVID Shot Deadlier Than Every Vaccine in History—Combined Von Der Leyen Unveils New EU Censorship Push, Online Digital Id Plans Copyright © 2025 Fact Checked Limited. All rights reserved |The People's Voice",Fake,NewsPunch
"UK and US to announce tech, energy deals during Trump visit","Sign uphere. Reporting by Andrew MacAskill, additional reporting by Sarah Young;
Editing by Ros Russell Our Standards:The Thomson Reuters Trust Principles., opens new tab Trump's actions are very much in line with his penchant for direct communication. Reuters, the news and media division of Thomson Reuters, is the world’s largest multimedia news provider, reaching billions of people worldwide every day. Reuters provides business, financial, national and international news to professionals via desktop terminals, the world's media organizations, industry events and directly to consumers. Access unmatched financial data, news and content in a highly-customised workflow experience on desktop, web and mobile. Browse an unrivalled portfolio of real-time and historical market data and insights from worldwide sources and experts. Screen for heightened risk individual and entities globally to help uncover hidden risks in business relationships and human networks. All quotes delayed a minimum of 15 minutes.See here for a complete list of exchanges and delays. © 2025 Reuters.All rights reserved",Real,Reuters
"Marcos, the dictator’s son, backs September 21 protests vs flood control corruption","SUMMARY This is AI generated summarization, which may have errors. For context, always refer to the full article. PROOF. President Ferdinand Marcos Jr. shows media receipts as proof that the government has fully paid for the non-existent reinforced concrete riverwall project in Baliuag, Bulacan, on August 20, 2025. Presidential Communications Office MANILA, Philippines — President Ferdinand Marcos Jr., the son and namesake of the late dictator, said on Monday, September 15, that he supported planned protests to denounce the misuse of public funds in substandard or “ghost” flood control and infrastructure projects. “Do you blame them for going out into the streets? If I wasn’t president, I might be out in the streets with them. So, you know, of course, they are enraged,” Marcos told a press conference on Monday, September 15. On Sunday, September 21,two major protest actions are expectedto take place, one in Luneta Park in Manila and another in the Power People Monument in Quezon City. September 21 is also the day the Philippines remembers the imposition of Martial Law by Marcos’ father and namesake, who was president for 21 years. The first Marcos presidency is remembered for human rights abuses and the pilferage of public funds — cases related to which the Marcos clan, including the President himself, face to this day. “Just keep it peaceful.Kasi pagka hindi na peaceful, mahirap na yan(It’ll be difficult if it’s not peaceful). We will have to, the police will have to do its duty to maintain peace and order,” said Marcos. “But to show that you are enraged, to show that you are angry, to show that you are disappointed, to show that you want justice, to show that you want fairness, what’s wrong with that? I want to show that there is justice. I want to show that there is fairness. I want to show… I want to hold these people accountable just like they do. So I don’t blame them. I don’t blame them. Not one bit,” he added. It was a popular and relatively peaceful uprising that eventually booted the Marcos clan out of Malacañang in 1986. The People Power Revolution bookended decades of protests across the Philippines, many of which were anything but peaceful. Marcos was also asked in the press conference whether he was worried over the planned protests, and whether he thought they’d escalate to the level ofuprisings in nearby Indonesia and Nepal. “Look, what we have found, you have to remember, I brought this up. It is my interest that we find a solution to what has become a very egregious problem,” said Marcos. It was during his fourth State of the Nation Address (SONA) in late July 2025 that Marcos promised to probe and make public information on flood control projects across the country. The week prior to his yearly address, many parts of the country suffered losses and damage brought about by heavy rain and subsequent flooding. Much has happened since. After launching what he billed as a crowdsourcing website so ordinary Filipinos can countercheck the status and efficacy of purportedly completed flood control projects came investigate reports from the media, as well as reports from Filipinos on the ground. Marcos hasformed the ad hoc Independent Commission for Infrastructureto investigate the past 10 years of flood control and infrastructure projects — a period that spans his administration, former Rodrigo Duterte’s term, and even the latter part of the late Benigno Aquino’s presidency. Both houses of Congress have also launched their own investigations, where contractors and even government engineers have accused sitting politicians of profiting off flood control and infrastructure projects.— Rappler.com How does this make you feel? follow us",Fake,Rappler_FactCheck
"Von Der Leyen Unveils New EU Censorship Push, Online Digital Id Plans","European Commission President Ursula von der Leyen has unveiled a raft of new regulatory measures that introduce new challenges for digital rights and freedom of expression across the continent and the world. The EU chief made the announcement during her2025 State of the Union speechlast week. Framed as measures for public health, democracy, and child protection, the Commission is actually pushing the EU deeper into institutionalized censorship and online regulation. BYPASS THE CENSORSSign up to get unfiltered news delivered straight to your inbox. Sign up to get unfiltered news delivered straight to your inbox. You can unsubscribe any time. By subscribing you agree to ourTerms of Use InfoWarsreports: Addressing the European Parliament, von der Leyen declared she is“appalled by the disinformation that threatens global progress on everything from measles to polio.” Citing fears of a global health crisis, she introduced a “Global Health Resilience Initiative,” which she said the EU would lead. This initiative is expected to tie online speech more tightly to global health narratives, laying the groundwork for broader suppression of dissenting views under the label of medical misinformation. Another centerpiece of her address was the so-called “European Democracy Shield,” a program thatwe’ve covered in great detail, intended to streamline and centralize the Commission’s censorship machinery under the banner of fighting “foreign information manipulation and interference.” Framing the internet as a battlefield, she said: “Our democracy is under attack. The rise in information manipulation and disinformation is dividing our societies.” Expanding on that framework, she announced the creation of a new institution, the European Centre for Democratic Resilience. According to von der Leyen, this center will allow the EU to scale up its ability “to monitor and detect information manipulation and disinformation.” But the agenda didn’t stop there. She introduced the Media Resilience Program, which she claimed would support “independent journalism and media literacy.” In practice, however, such efforts often result in government-approved messaging being amplified, while dissenting outlets don’t get funded. Von der Leyen pointed to declining local journalism in rural communities and claimed: “This has created many news deserts where disinformation thrives…This is why we will launch a new Media Resilience Program – it will support independent journalism and media literacy.” Despite the existingDigital Services Actalready mandating age verification (and therefore digital ID) online, von der Leyen floated a new, even more restrictive direction for internet access among young people. Drawing inspiration from Australia’s controversial 2024Online Safety Amendment, which includes a social media ban for those under 16, she suggested the EU could move toward similar rules. “Just as in my days, we as a society taught our children that they could not smoke, drink, and watch adult content until a certain age. I believe it is time we consider doing the same for social media,” she said. The entire speech signals a continued consolidation of control over digital spaces by EU institutions, with a heavy focus on regulating speech and tightening access restrictions. by Niamh Harris in News0 Bill Introduced to Strip US Passports From Americans Who Criticize Israel U.S. Gov’t Officials Covered Up Evidence Vaxxed Kids Were 200x More Likely to Die Than Unvaxxed Copyright © 2025 Fact Checked Limited. All rights reserved |The People's Voice",Fake,NewsPunch
Duterte exploring option to be released to the Netherlands,"SUMMARY This is AI generated summarization, which may have errors. For context, always refer to the full article. DUTERTE IN THE HAGUE. Vice President Sara Duterte addresses supporters who gathered for the 80th birthday of former president Rodrigo Duterte. BEN MONCERATE/RAPPLER MANILA, Philippines – With his choice of an undisclosed third party country in dispute, former Philippine president Rodrigo Duterte has also explored the option of being temporarily freed in the Netherlands, the host country of the International Criminal Court (ICC) where he is currently detained. “Given the Prosecution’s non-opposition to interim release to the Netherlands, Mr Duterte respectfully requests that the Pre-Trial Chamber order the Registry to invite the Netherlands to make its observations on the possibility of accommodating Mr Duterte for the term of his interim release,” said Duterte’s lead defense lawyer Nicholas Kaufman in a filing made on June 16, but publicized only on September 10. Duterte said that if the ICC pre-trial chamber approves an interim release to the Netherlands, he “would not seek asylum in the Netherlands at any future date.” Duterte has been detained at the ICC detention center in The Hague since hissensational arrest in Manilaon March 11. He was flown out of a government-chartered private plane on the same day of his arrest, sanctioned by President Ferdinand Marcos Jr. who said this was in keeping with the country’s commitment to the Interpol which issued the red notice following an ICC warrant. Duterte filed for aninterim release requeston June 12, saying that an undisclosed third party country has already agreed to enforce possible conditions that may be set by the court. But the prosecution “strongly opposed” the releaseto that country. So on June 16, anticipating the opposition from the prosecution, Kaufman filed the request to ask the Netherlands to comment whether it would be willing to enforce the conditions for a possible interim release to the country. Kaufman said the advance request is separate from its main request for a release to their chosen country. Kaufman said in advance that should the Netherlands agree, Duterte would still “seek another State to which he could be released once released into Dutch territory, conditional upon authorization by the Pre-Trial Chamber.” “The Defense would cover any costs expended by the Host State in enforcing the terms and conditions ordered by the Pre-Trial Chamber,” said Kaufman. In their opposition filed on June 23, the prosecution said it will not agree to Duterte’s chosen country because it “does not have the same extensive history of cooperation with the Court.” Some conditions that may be set out, which Duterte has offered to follow, would be to “refrain from public engagement, office, or communications with persons outside his family” and also to “abstain from use of the internet or any electronic devices, such as a mobile phone.” Duterte hasreiterated this requestfor an interim release, after the defense obtained a medical report from its own chosen expert that the former strongman is allegedly suffering from“deteriorating cognitive condition”and thus is physically unable to do the risk factors like intimidating witnesses and committing more crimes. Under ICC rules, if those risk factors are present, a suspect cannot be temporarily released. This new detail offers an insight as to why Kaufmanwas mad at Harry Roque,Duterte’s former presidential spokesperson, who suggested suing the Netherlands for being an alleged accessory to the crime they call as kidnapping Duterte. The ICC pre-trial chamber haspostponedwhat was supposed to be the confirmation of charges hearing on September 23, pending its own determination on Duterte’s fitness to attend the hearing. It has not announced the new date. –Rappler.com How does this make you feel? follow us",Real,Rappler
"Gov’t-led AI plans underway but infrastructure, skills need addressing – think tank","SUMMARY This is AI generated summarization, which may have errors. For context, always refer to the full article. MANILA, Philippines – The global think tank Tony Blair Institute on Thursday, July 24,released a reportoutlining how government strategies on leveraging AI technology for the economy should focus on a human-centric “augmented” approach rather than allowing for the outright automation of tasks. The paper recalls how previous industrial revolutions such as mechanization in the 18th century led to physical labor being superseded by machines — a shift that governments then responded to by prioritizing education that would open opportunities for cognitive work. Now, that cognitive work is at the risk of being replaced by generative AI, which has shown the capacity to process information and data, and produce something out of it such as computer code, a written analysis, or a new image or video. The institute proposes what it calls “augmented intelligence,” an approach that seeks to empower the worker to use AI as a tool, and allow themselves to perform “higher-order tasks.” “By embedding machine-generated insights into workflows, this approach enables a broader segment of the workforce – particularly those in practical, hands-on roles — to perform higher-order tasks such as data interpretation, situational judgement and adaptive decision-making to make roles more productive, meaningful and futureproofed,” the institute says. Examples include care assistants using AI to monitor their patient’s wellbeing, electrical technicians using AI-enabled drones and diagnostics to make repairs, or paramedics using AI to provide timely, critical insights. “In short, augmented intelligence is about creating new kinds of jobs that combine human empathy, judgement and adaptability with the power of AI,” it says. Human empathy, judgement, and adaptability, among other humanistic traits, appear to remain as part of a person’s domain and not that of an AI system’s at least for now. Just as humans found a way to specialize in cognitive work as mechanical tools took over physical labor in the past, the challenge now, as the paper shows, is to find the tasks that only a human is able to achieve. The study looks at 3 countries — Singapore, Vietnam, and the Phlippines — and presents an overview of the challenges that each faces in adopting the “augmented intelligence” approach. In the Philippines, the paper provides 4 examples how this approach might look like in several industries: How does the country get there? The report notes several government initiatives that point to a development vision that has AI squarely in its sights. Under the Philippine Development Plan 2023-2028, the National AI Strategy Roadmap 2.0, and Philippine Skills Framework, AI and digitalization are looked at as major components in fostering economic growth, job creation, and poverty reduction. The AI roadmap presents a plan for integrating AI into key industries, while the skills framework seeks to align educational outcomes with the AI-related jobs of the future. The Department of Education also established The Education Center for AI Research in February 2025 while the National Innovation Council, directly under the President, established an AI thinktank in March 2025 that seeks to inform AI policies and improve the country’s global competitiveness. All of these initiatives are meant to steer the populace to an AI-enabled economy wherein generative AI is expected to contribute P2.8 trillion by 2030, the report says. Will the country get there? The study outlines a few major hurdles. First of all, connectivity remains an issue, especially when one compares connectivity in the cities versus the provinces. It says that policies should “address the urban-rural digital divide by expanding access to affordable digital infrastructure, such as connectivity, and training programs.​” The government needs to come in to help smaller businesses, and industries in the province to address a digital gap that slows down AI adoption. Increasing funding for AI research as well as incentivizing the development of homegrown digital solutions are seen as necessary pillars to help the country reach its AI goals. Upskilling, with the proposed “augmented intelligence” approach will also be urgently needed as the International Monetary Fund expects that 4 out of 10 jobs in the Philippines will be affected by AI. Cybersecurity is a part of the picture as well, as data breaches may erode the trust people have in digital systems. “Stakeholders emphasized the need for a shift towards more proactive policies in which governments do not merely mitigate risks, but actively shape AI adoption to create economic and social value. This shift will include fostering public-private partnerships, setting clear regulatory frameworks, and incentivizing local innovation ecosystems and entities to flourish,” the study says.– Rappler.com How does this make you feel? follow us",Real,Rappler
'Do you blame them?' Marcos Jr. says he'd join street protests if he could,"MANILA, Philippines — President Ferdinand Marcos Jr. said that if he were not president he would be among those marching in the streets against corruption. Asked about mass mobilizations organized in response to the flood-control corruption scandal, Marcos said he did not blame people for being angry and that they had the right to be outraged. He warned, however, that protests could escalate to the levels seen in Indonesia and Nepal if the government failed to act. “Since this has all been exposed, well, it's actually known to many people, but it has now been exposed to the general public, do you blame them for going out into the streets?” Marcos said at a press conference at Malacañang Palace on Monday, September 15. “If I wasn't president, I might be out in the streets with them. So, of course, they are enraged,"" he added. ""Of course, they are angry. I am angry. We should all be angry. Because what's happening is not right. So, yes, express it. You come, you make your feelings known to these people and make them answerable for the wrongdoings that they have done.” RELATED:Students from top universities to lead rally vs corruption He encouraged demonstrators to make their grievances known but urged that protests remain peaceful, saying police would have to intervene if they did not. The Palace on Friday said Marcos respected mass mobilizations as an exercise of free expression but warned against would-be destabilizers who might exploit the protests. While Marcos called attention to flood-control anomalies, his family, led by Ferdinand Marcos Sr., who was a ruling dictator in the 1970s to 1980s, was deposed in mass protests against corruption and electoral fraud callled People Power Revolution in 1986. An estimated $5 billion to $10 billion in public funds were siphoned off to offshore and secret accounts, funding lavish properties and lifestyle, during the Marcos Sr. regime. The planned protests against corruption on Sunday, September 21 will be held simultaneously at the People Power Monument in Quezon City and at Rizal Park in Manila. Philstar.com is one of the most vibrant, opinionated, discerning communities of readers on cyberspace. With your meaningful insights, help shape the stories that can shape the country. Sign up now! Signup for the News Round now",Real,Philstar
Uncanny resemblance? Michael V stars as Ciala Dismaya in ‘Bubble Gang’,"SUMMARY This is AI generated summarization, which may have errors. For context, always refer to the full article. Bubble Gang's X and Angie de Silva/Rappler MANILA, Philippines – Michael V has suited up to portray controversial figure Sarah Discaya after social media users pointed out his striking resemblance to the public works contractor. Discaya made headlines anew in early September when sheadmittedduring a Senate probe that there were instances when her nine construction firms bid for the same government flood control projects. The businesswoman had initially denied the allegations, but after further prodding from Senator Jinggoy Estrada (who waslater taggedin alleged flood control kickbacks in Bulacan), Discaya admitted the scheme. But it wasn’t just Discaya’s revelation that stuck out to the public — it was her resemblance to popular Kapuso comedian Michael V. Memes comparing the two figures’ features had begun to surface, and before long, GMA gag showBubble Gangteased footage and photos of Michael V dressed in a similar garb as that of Discaya’s. In the photos posted byBubble Gang, Michael V had on a wig mimicking Discaya’s hairstyle, two moles in the same spots Discaya has them on her face, glasses, and similar outfit — consisting of an inner top and blazer. In one photo, Michael V was also holding an umbrella, seemingly alluding to Discaya’s statement in an interview with TV and YouTube personality Julius Babao that she bought one of herluxury vehicles, a Rolls-Royce, because she liked the umbrella built into the car door. Michael V’s character was named Ciala Dismaya, a play on Sarah Discaya’s name, appearing to be referring to the Filipino slang term ofshala(meaning fancy) anddismaya(disappointment). The Discayas’ legal counsel, Cornelio Samaniego III,toldGMA Newsthat Sarah is aware of Michael V’s impersonation of her. Samaniego debunked rumors that Discaya was angry at the comedian for the skit — adding that the businesswoman is okay with it. TheBubble Gangepisode will premiere on Sunday, September 14, at 6:10 pm on GMA Network. Sarah Discaya’s construction firms have since beendisqualifiedfrom bidding for government projects. The former Pasig City mayoral candidate and her husband, Pacifico “Curlee” Discaya, have also expressed their desire tobecome state witnessesin the flood control project scandal. (FAST FACTS: On becoming a state witness)– Rappler.com How does this make you feel? follow us",Real,Rappler
Marcos names former SC justice Andy Reyes chair of Independent Commission for Infrastructure,"SUMMARY This is AI generated summarization, which may have errors. For context, always refer to the full article. File photo of retired Supreme Court Associate Justice Andres Reyes Jr. Photo by Darren Langit/Rappler MANILA, Philippines – President Ferdinand Marcos Jr. has named Andres B. Reyes, Jr., a former member of the Supreme Court, as chairperson of the Independent Commission for Infrastructure (ICI) that will investigate flood control and other infrastructure projects in the last 10 years. Marcos made the announcement on Monday, September 15. “All of them are in agreement that we have to move very quickly.Hindi pwedeng mapanis lahat itong information na binigay ng taumbayan sa Isumbong mo sa Pangulo(We cannot let the information submitted to us go to waste),” said Marcos, referring to his conversation with his hand-picked commission members and a website the executive launched to list down flood control projects in the country. Marcos also noted that the three-man commission is set to meet on September 15 to determine their processes. They have also agreed to meet daily, said Marcos, who described the commission’s work as a “turning point in the conduct of governance.” “We have to make a change, and it is a fundamental change in the way that we do business,” he added. Marcos also said he did not give the task of probing flood control and infrastructure projects to existing agencies such as the National Bureau of Investigation or the Philippine National Police because they were part of the government, too. Marcos, in the press conference, explained that he would have no say in the processes of the commission and its staff. Reyes was appointed to the Supreme Court in 2017 by former president Rodrigo Duterte. He was a career judiciary public servant, starting out as a judge in 1987 and moving up to become presiding justice of the Court of Appeals, before his last role as a Supreme Court justice. In the Supreme Court, Reyes consistently voted in favor of Duterte-interest cases. He dissented in the controversial flip-flop decision that handed Philippine Airlines a win in its labor retrenchment case, a petition that was resurrected through a letter by the late Estelito Mendoza. When Reyes retired, he highlighted as his achievement his ability to dispose of the cases assigned to him. Overflowing caseload is a perennial problem of the Supreme Court. “I thought that the best way that I can contribute to the court was to try to finish all the cases that was assigned to me. Thus I went to great lengths to reduce my caseload. I’m happy to state that I decided more cases than what was assigned and raffled to me,” he said in his retirement ceremony in 2020 during the pandemic. Reyes’ family owns the popular Aristocrat restaurant. Malacañangannounced the appointmentof ICI membersRogelio “Babes” Singsonand accountantRossana Fajardo, and ICI special adviser and investigatorBaguio City Mayor Benjamin Magalongon Saturday. Marcos signed Executive Order 94 on Thursday, September 11,forming the ICI. –Rappler.com How does this make you feel? follow us",Fake,Rappler_FactCheck
Who's who: Members of Marcos’ independent flood probe body,"MANILA, Philippines(Updated 10:12 a.m.)—  Following the alleged anomalies in the flood control projects, President Ferdinand Marcos Jr. ordered the formation of the Independent Commission for Infrastructure. On Saturday, September 13, Marcos appointed former Public Works and Highways Secretary Rogelio Singson, Rossana Fajardo and Baguio City Mayor Benjamin Magalong as members of the Independent Commission for Infrastructure to investigate the alleged misuse of funds in flood control projects. Two days later, on Monday, September 15, Marcosannounced the commission’s chair: retired associate justice Andres Reyes Jr. According to Palace press officer Claire Castro, the investigation into the flood control mess will commence immediately, following the announcements of its members. The anomaly in the flood control projects allegedly involved several government contractors and officials from the Department of Public Works and Highways (DPWH). Reyes, a retired Supreme Court associate justice, brings judicial experience to the Marcos-formed commission. Appointed to the high court in 2017 by then-president Rodrigo Duterte, he served until his mandatory retirement in 2020. Before his stint at the Supreme Court, Reyes was the presiding justice of the Court of Appeals, where he handled a wide range of cases including high-profile corporate and political disputes. Reyes is part of a well-known family in the judiciary: his grandfather, Justice Alejandro ""Alex"" Reyes, also sat on the Supreme Court, while his father, Andres Reyes Sr., was presiding justice of the Court of Appeals. With decades in the legal profession, he has built a reputation for meticulous rulings and a strong grasp of constitutional law. Singson served as the secretary of the DPWH from 2010 to 2016 under the administration of the late former president Benigno Aquino III. He is an industrial engineer serving both in private corporations and government-owned and controlled corporations (GOCC). Before joining Aquino’s cabinet, he held positions at the firm Citadel Holdings Inc. from 2002 to 2007. Singson also served as the president and Chief Executive Officer of Maynilad from July 1, 2007, to June 30, 2010, following the company's reprivatization GOCC.Singson also served as the chairman and president of the Base Conversion and Development from 1998 to 2002. He is also involved in the development of the Subic Bay Metropolitan Authority, Clark Special Economic Zone and the development of the Bonifacio Global City. Fajardo is a certified public accountant serving as the managing partner of the auditing firm SyCip Gorres Velayo & Co. (SGV & Co.). According to SGV's website, Fajardo has served in different fields, including telecommunications, technology, financial services, and government, with a primary focus on technology risk, risk transformation, and IT Advisory. She also graduated cum laude from the University of St. La Salle in Bacolod City. Additionally, she holds several professional certifications, including Certified Information Systems Auditor, Certified Information Systems Manager, and Certified Fraud Examiner. According to Castro, Magalong will serve in an advisory capacity on the board. Magalong is the current mayor of Baguio City. He has held the position since 2019. Prior to becoming a politician, he served both at the Philippine Constabulary and the Philippine National Police. He once served as the chief of the national police's Criminal Investigation and Detection Group. During the Covid-19 pandemic in 2020, Magalong was appointed by detained former President Rodrigo Duterte as the contact tracing czar from July 2020 until his resignation on Jan. 29, 2021. He also led the formation of Mayors for Good Governance. What prompted the commission’s formation?In his fourth State of the Nation Address, Marcos criticized corruption in flood control projects, revealing that a preliminary probe had found several contractors had monopolized over P100 billion in contracts. His investigation prompted separate inquiries in both the House of Representatives and the Senate, which uncovered more details, including alleged kickback schemes involving both congressmen and senators. During Senate Blue Ribbon Committee hearings, the couple, Pacifico and Sarah Discay,a accused 18 House lawmakers of being part of kickback schemes, but did not implicate any senators. However, in a separate House probe, former DPWH engineer Brice Hernandez implicated Senators Joel Villanueva and Jinggoy Estrada in similar schemes. As lawmakers trade accusations, public outrage has swelled, fueling planned mass protests over the corruption scandal. Philstar.com is one of the most vibrant, opinionated, discerning communities of readers on cyberspace. With your meaningful insights, help shape the stories that can shape the country. Sign up now! Signup for the News Round now",Real,Philstar
"DPWH dismisses Bulacan assistant district engineer Brice Hernandez, 2 others","SUMMARY This is AI generated summarization, which may have errors. For context, always refer to the full article. Brice Hernandez of DPWH Bulacan 1st DEO Angie de Silva/Rappler MANILA, Philippines – TheDepartment of Public Works and Highways(DPWH) dismissed three of its Bulacan officials — assistant district engineer Brice Ericson D. Hernandez, construction division chief Jaypee D. Mendoza, and chief accountant Juanito C. Mendoza — over anomalous flood control projects. In its decision released on Monday, September 15, the DPWH said that three officials were found guilty of administrative offenses of disloyalty to the country and Filipino people, grave misconduct, gross neglect of duty, and conduct prejudicial to the best interest of the service. Former DPWH-Bulacan district engineer Henry Alcantara wasdismissedon September 4. The officials were linked to ghost flood control projects in Baliwag and Plaridel under the Bulacan 1st District Engineering Office. All four officials are also facing acriminal complaintthat was filed with the Office of the Ombudsman. The DPWH said the dismissed officials are perpetually disqualified from holding public office, and their retirement benefits forfeited. The ruling added that their dismissal was “without prejudice to the filing of separate civil or criminal charges.” During a congressional probe, Sally Santos of SYMS Construction testified thatshe regularly delivered money to Hernandez’s office. Hernandez, however, shifted the blame to his superior, Alcantara. He said the boxes of money were brought to his office only because it was located on the top floor, and Alcantara would immediately retrieve them. Alcantara denied the allegations. The congressional probe also revealed that Alcantara, Hernandez, and Jaypee Mendoza were frequently seen in casinos, gambling thousands of pesos. Hernandez also alleged that Alcantara personally dealt with politicians, includingSenators Joel Villanueva and Jinggoy Estrada, in the distribution of kickbacks. Contractors Sarah and Curlee Discaya likewiseaccused Alcantara of pocketing kickbacks.– Rappler.com How does this make you feel? follow us",Fake,Rappler_FactCheck
Biden Admin Spent $10mn In Taxpayer Funds On ‘Transgender Lab Rats’,"Republican lawmaker Nancy Mace recently claimed that around $10 million in American taxpayer funds had been spent on experiments using“transgender lab rats“. Speaking at aHouse Oversight Committee hearingin February this year, GOP Representative Nancy Mace exposed the White Coat Waste Project which received ‘$10 million dollars to create transgender mice, rats, and monkeys. She claimed the sum was an example of massive misuse of taxpayers’ money by former President Joe Biden’s administration. BYPASS THE CENSORSSign up to get unfiltered news delivered straight to your inbox. Sign up to get unfiltered news delivered straight to your inbox. You can unsubscribe any time. By subscribing you agree to ourTerms of Use RTreports: Mace criticized the allocation of taxpayer funds for“gender-affirming care”in animal research. The hearing featured testimony from a representative of the White Coat Waste Project, which exposes animal testing projects. “Why is the federal government spending taxpayer dollars to create transgender animals?”Mace demanded, referring to initiatives protecting transgender rights and programs promoting diversity, equity, and inclusion (DEI), which the federal government had established during Biden’s administration. “Last year, the White Coat Waste Project exposed more than $10 million in taxpayer funds that were spent creating transgender mice, rats and monkeys,”the South Carolina Republican said.“These DEI grants funded painful and deadly transgender experiments that forced lab animals to undergo invasive surgeries and hormone therapies at universities across the country.” Mace slammed the Biden administration’s policy agenda, arguing that the White House was so“eager to propagate their radical gender ideology across all facets of American society that they were surgically mutating animal genitals. Taxpayer money went to that.” According to White Coat Waste Project’s calculations, the National Institutes of Health has spent at least $240 million over the past years in grants for“transgender animal experiments,”including $26 million in currently active projects. by Niamh Harris in News0 U.S. Gov’t Officials Covered Up Evidence Vaxxed Kids Were 200x More Likely to Die Than Unvaxxed Ukraine Adds Russian Toddlers to State-Backed ‘Kill List’ Copyright © 2025 Fact Checked Limited. All rights reserved |The People's Voice",Fake,PeoplesVoice
Four straight weeks of hikes push diesel's net increase to P15 per liter,"MANILA, Philippines — Motorists face another fuel price hike on Tuesday, September 16, marking the fourth straight week of increases. The uptick, however, will be tempered by the growing global oil supply. Oil firms will increase gasoline prices by P0.10 per liter, diesel by P0.50 per liter and kerosene by P0.10 per liter. Shell Pilipinas,CleanFuelandSeaoilhave announced the upward price adjustments in separate advisories on Monday, September 15. The Department of Energy (DOE) said the latest price hike was partly driven by geopolitical tensions in the Middle East, following Israel’s airstrikes on Hamas leaders in Doha, Qatar last week. Global oil prices also surged last week after Russia sent three drones into Polish airspace, an incident that Prime Minister Donald Tusk said put the country “closer to military conflict,”according to The Guardian. Oil prices, however, eased after reports that the Organization of the Petroleum Exporting Countries and its allies (OPEC+) plan to increase production once again, with analysts warning this could lead to oversupply next year. On September 7, OPEC+announcedit would raise its oil output target by 137,000 barrels per day starting in October, a move that could put downward pressure on prices. While the increase this week is modest compared to earlier hikes, diesel has posted a net increase of P3.40 per liter over four weeks alone, with gasoline up by P3.10. Year-to-date fuel price increases are also approaching record highs once again, with gasoline now P13.90 per liter more expensive than in 2024 and diesel higher by P15.35 per liter. Kerosene, meanwhile, has a net increase of P3.55 per liter. Drivers of jeepneys and other public transport units are asking for government subsidies in case a temporary fare adjustment cannot be implemented to cover the increasing cost of fuel. According to DOE’s monitoring, prevailing retail prices of petroleum products in Metro Manila from September 9 to 15 were: Although prevailing retail rates provide a general guide, actual pump prices vary, with gasoline priced at up to P77 per liter and diesel at P70.78 in certain stations. Philstar.com is one of the most vibrant, opinionated, discerning communities of readers on cyberspace. With your meaningful insights, help shape the stories that can shape the country. Sign up now! Signup for the News Round now",Real,Philstar
U.S. Gov’t Officials Covered Up Evidence Vaxxed Kids Were 200x More Likely to Die Than Unvaxxed,"Researchers from a large Michigan health care system uncovered damning evidence that vaccinated children are far more likely to develop chronic health conditions, but U.S. government officials buried the findings in a blatant cover-up to shield Big Pharma’s deadly agenda, according to a copy of the study obtained by The Epoch Times. Henry Ford Health System, whose employees conducted the study, dismissed it as deficient to sweep the truth under the rug. Dr. Marcus Zervos, an infectious disease specialist at Henry Ford Health, and colleagues analyzed 18,468 children born between 2000 and 2016 enrolled in the system’s insurance plan, pulling data from medical, clinical, and payer records supplemented by Michigan’s immunization registry. Zerohedge.comreports: After 10 years, 57 percent of the vaccinated children had a chronic health condition such as asthma, compared to just 17 percent of the unvaccinated children. BYPASS THE CENSORSSign up to get unfiltered news delivered straight to your inbox. Sign up to get unfiltered news delivered straight to your inbox. You can unsubscribe any time. By subscribing you agree to ourTerms of Use “This study found that exposure to vaccination was independently associated with an overall 2.5-fold increase in the likelihood of developing a chronic health condition, when compared to children unexposed to vaccination,” the authorswrote. “This association was primarily driven by asthma, atopic disease, eczema, autoimmune disease and neurodevelopmental disorders. This suggests that in certain children, exposure to vaccination may increase the likelihood of developing a chronic health condition, particularly for one of these conditions.” The study was first reported by Aaron Siri, managing partner of Siri & Glimstad LLP, this month in his book, Vaccines, Amen: The Religion of Vaccines. Before receiving a copy of the study, The Epoch Times asked Zervos and his coauthors for it and questioned why it was never published. Zervos responded to questions about the study by asking in an email, “Can you tell me what book this appeared in.” When told, he did not respond further. Co-authors did not return inquiries. A spokesperson for Henry Ford Health acknowledged that researchers there carried out the study. “This report was not published because it did not meet the rigorous scientific standards we demand as a premier medical research institution,” a spokesperson for Henry Ford Health told The Epoch Times in an email. “Data has consistently shown vaccinations are a safe and effective way to protect children against potentially life-altering diseases.” Siri, who has worked with Health Secretary Robert F. Kennedy Jr., represents a group called the Informed Consent Action Network. He and Del Bigtree, the group’s CEO, say they met with Zervos in 2017 and proposed that he compare the health of vaccinated and unvaccinated children. They initially proposed obtaining data from a federal network called Vaccine Safety Datalink, but Zervos suggested utilizing the health data from Henry Ford Health, Siri wrote in his book. Siri requested that the researchers publish the results of the study, regardless of what it showed. “Dr. Zervos looked us right in the eyes and assured us that he was a man of integrity and would publish the results, whatever the finding,” Siri said. Siri received a copy of the study in 2020. He and Bigtree say that Zervos and a coauthor told them that superiors at Henry Ford Health did not want it submitted for publication and that they were concerned they could lose their jobs if they submitted it. “The only real problem with this study—and why it didn’t get submitted for publication—is that its findings did not fit the belief and the policy that ‘vaccines are safe,’” Siri said during a Senatehearingin Washington on Sept. 9. “Had it found vaccinated children were healthier, it no doubt would have been published immediately. But because it found the opposite, it was shoved in a drawer.” Previous research comparing vaccinated and unvaccinated children has returned mixed results. A German study published in 2011, for instance,foundthat unvaccinated children were more likely to suffer diseases targeted by vaccines. An American study published in 2020foundvaccinated children had higher odds of suffering from developmental delays, asthma, and ear infections in their first year of life. Dr. Jake Scott, an infectious disease doctor at Stanford University’s School of Medicine, told the hearing that he reviewed the study and found it problematic. One issue was how vaccinated children visited doctors during the study period more often than unvaccinated children, according to Scott. “When diagnoses require doctor visits, children seeing doctors more often will inevitably have more recorded conditions,” he said. “This is classic detection bias that inflates risk estimates without reflecting true health differences.” Even after excluding unvaccinated children whose parents never took them to the doctor following birth, the vaccinated group still had an increased risk of developing a chronic health condition, the researchers stated, according to Zervos and the other researchers. They also analyzed the data at one, three, and five years following birth and found that the vaccinated children were still more likely to develop a chronic health condition. “Therefore, our findings do not appear to be due to differential use of health resources,” they wrote. The researchers also said that their findings “cannot prove causality and warrant future investigation.” The hearing was held by the Senate Permanent Subcommittee on Investigations. Sen. Ron Johnson (R-Wis.), chairman of the panel, said during the hearing that the study was “high-quality” and “suspiciously withheld by the authors.” Sen. Richard Blumenthal (D-Conn.), its ranking member, questioned why it has taken five years following completion for the study to be disclosed to the public. “My hope has always been that the scientists would publish it,” Siri said. “And we’ve tried to persuade them many, many times, so it could go through the normal, peer-review process.” by Niamh Harris in News0 Von Der Leyen Unveils New EU Censorship Push, Online Digital Id Plans Biden Admin Spent $10mn In Taxpayer Funds On ‘Transgender Lab Rats’ Copyright © 2025 Fact Checked Limited. All rights reserved |The People's Voice",Fake,PeoplesVoice
Louisiana Surgeon General Sounds Alarm: COVID Shot Deadlier Than Every Vaccine in History—Combined,"Louisiana Surgeon General Ralph Lee Abraham Jr. has sounded the alarm, declaring that the COVID-19 vaccine has caused more deaths than all other vaccines in history combined. “More deaths have been reported to VAERS following the COVID vaccines than from all other vaccines combined since tracking began in 1990,”the Surgeon General stated, warning that the public health crisis is still unfolding before his eyes. “I see the fallout in my clinic every day. The PREP Act gave manufacturers immunity from liability for harms caused by these products, so they have little incentive to make them better.” BYPASS THE CENSORSSign up to get unfiltered news delivered straight to your inbox. Sign up to get unfiltered news delivered straight to your inbox. You can unsubscribe any time. By subscribing you agree to ourTerms of Use The COVID vaccines are dangerous –@LAGovJeffLandryis right. I see the fallout in my clinic every day. Senator Cassidy should remember that the PREP Act gave manufacturers immunity from liability for harms caused by these products, so they have little incentive to make them… Abraham Jr. then provided a series of peer-reviewed studied to educate those who are still brainwashed by Big Pharma and their mainstream media advertorials. “When making that decision, it is important to keep in mind the facts. I list a few of them here because many people, including doctors, seem to be unaware: 1. More deaths have been reported to VAERS after COVID vaccines than all other vaccines combined since tracking began in 1990:https://openvaers.com/covid-data/mortality 2. DNA contaminants were found in the COVID vaccines, which far exceeded the FDA’s allowable limits – including the cancer-causing SV40 gene from monkeys:https://tandfonline.com/doi/full/10.1080/08916934.2025.2551517 3. Several studies have shown zero to negative efficacy as the virus changes over time, including this one from the Cleveland Clinic, meaning that those who took the shot were more likely to get the disease:https://medrxiv.org/content/10.1101/2022.12.17.22283625v5.full 4. The largest ever observational study, including 99 million people, showed increased risk of myocarditis, pericarditis, Guillain-Barré syndrome, venous sinus thrombosis, and other serious adverse events following COVID vaccination:https://pubmed.ncbi.nlm.nih.gov/38350768/ 5. Myocarditis is more common and more severe after COVID vaccination than from the disease:https://researchgate.net/publication/390587954_Myocarditis_after_SARS-CoV-2_infection_and_COVID-19_vaccination_Epidemiology_outcomes_and_new_perspectives Although I don’t recommend them, some contend there are high-risk patients for whom COVID vaccines make sense, but the question should be carefully considered on an individual basis by looking not only at benefits, but also risks. My hope is that patients and doctors will look closely at both sides of the equation when making an informed decision.” by Niamh Harris in News0 Leaked Gov’t Files Expose Mossad Plot To Assassinate Charlie Kirk In 2025 Bill Introduced to Strip US Passports From Americans Who Criticize Israel Copyright © 2025 Fact Checked Limited. All rights reserved |The People's Voice",Fake,NewsPunch
"From Mindanao to Luzon, students and priests amplify protests vs flood corruption","SUMMARY This is AI generated summarization, which may have errors. For context, always refer to the full article. NOISE BARRAGE. Students stage a noise barrage outside the campus of Xavier university-Ateneo de Cagayan in Cagayan de Oro on Saturday, September 13, as outrage against public infrastructure corruption swept across schools nationwide. Froilan Gallardo/Rappler CAGAYAN DE ORO / BAGUIO, Philippines – From the streets of Mindanao to church pulpits in Luzon, students and priests from various religious denominations joined a rising tide of protests over the weekend against alleged multibillion-peso corruption in flood control projects, calling it a betrayal that costs lives and deepens poverty. In Cagayan de Oro City, about a hundred Xavier University-Ateneo de Cagayan students staged a noise barrage along Corrales Avenue on Saturday, September 13, chanting“Ipang priso ang mga kurako(Jail the corrupt)” and“Tama na korapsion(Stop the corruption),” while urging motorists to honk in solidarity. “I hope the investigations that the government has started would really bear results,” XU-Ateneo Central Student Government president Phillip Talaba told reporters. Talaba said many of his fellow students in Cagayan de Oro were outraged by revelations from congressional hearings. He appealed to the government to bring those guilty of corruption to justice and not to sweep the cases under the rug. “We are expressing our indignation. We are not siding with any political family. What we want is justice,” he said. Father Mars Tan, XU-Ateneo president, said the participation was voluntary and expressed support for the protest. He stressed that corruption in disaster funds “kills” and warned the issue would linger. In Luzon, bishops of the Episcopal Church in the Philippines issued a pastoral statement denouncing corruption as “moral decay” that robs Filipinos of resources to fight poverty and disaster risks. Quoting Scripture, they declared: “Take no part in the unfruitful works of darkness, but instead expose them” (Ephesians 5:11). “A pall of gloom hovers over our land. Poverty stalks our communities. Floods bring death and suffering to our people. Yet, in the midst of such miserable landscape, mind-boggling amounts in billions of pesos from hard-earned moneys of our people paid for taxes are ending up in the pockets of corrupt and shameless government officials and private contractors,” the bishops said. They expressed shock over alleged cash payoffs and lavish spending shown in photos and social media posts, warning that “the ugliest and most condemnable faces of corruption now stare at everyone.” The Episcopal bishops supported ongoing investigations in Congress, the Ombudsman, Commission on Audit and other agencies, calling for criminal charges and restitution. They also backed public protests, cautioning that “silence… contributes to the normalization of these unfruitful works of darkness.” The statement, signed by seven Episcopal bishops on Saturday, September 13, urged the faithful to live out the church’s “2028 Vision” by rejecting corruption and embodying justice, peace, love, and honest work. The statement, released on Saturday, was signed by the following bishops: –Rappler.com How does this make you feel? follow us",Fake,Rappler_FactCheck
Australia warns of cascading climate risks ahead of emissions target announcement,"Sign uphere. Reporting by Peter Hobson in Canberra and Renju Jose in Sydney; Editing by Jamie Freed Our Standards:The Thomson Reuters Trust Principles., opens new tab Australia will suffer more frequent and extreme climate events, often happening simultaneously, which will strain industry, services and infrastructure, a government report said on Monday, ahead of the announcement of a new emissions target. Reuters, the news and media division of Thomson Reuters, is the world’s largest multimedia news provider, reaching billions of people worldwide every day. Reuters provides business, financial, national and international news to professionals via desktop terminals, the world's media organizations, industry events and directly to consumers. Access unmatched financial data, news and content in a highly-customised workflow experience on desktop, web and mobile. Browse an unrivalled portfolio of real-time and historical market data and insights from worldwide sources and experts. Screen for heightened risk individual and entities globally to help uncover hidden risks in business relationships and human networks. All quotes delayed a minimum of 15 minutes.See here for a complete list of exchanges and delays. © 2025 Reuters.All rights reserved",Real,Reuters
